year;dectime;QgHFP
2004;43.0208;-19.3071
2004;43.0417;-23.3299
2004;43.0625;-17.3894
2004;43.0833;-18.9956
2004;43.1042;-17.8314
2004;43.125;-17.5468
2004;43.1458;-15.7676
2004;43.1667;-20.0479
2004;43.1875;-16.6664
2004;43.2083;-15.5403
2004;43.2292;-22.6151
2004;43.25;-13.3119
2004;43.2708;-12.1135
2004;43.2917;-12.8931
2004;43.3125;-10.8092
2004;43.3333;-8.1853
2004;43.3542;-1.1775
2004;43.375;0.2733
2004;43.3958;3.2044
2004;43.4167;1.4471
2004;43.4375;7.5606
2004;43.4583;5.8176
2004;43.4792;9.1316
2004;43.5;6.5895
2004;43.5208;2.5279
2004;43.5417;4.6541
2004;43.5625;3.8443
2004;43.5833;1.2406
2004;43.6042;1.7297
2004;43.625;0.8431
2004;43.6458;2.4921
2004;43.6667;-0.7957
2004;43.6875;-0.3673
2004;43.7083;0.3485
2004;43.7292;0.7661
2004;43.75;1.257
2004;43.7708;1.2254
2004;43.7917;-0.0001
2004;43.8125;-0.0518
2004;43.8333;0.8864
2004;43.8542;1.7371
2004;43.875;1.2629
2004;43.8958;1.1127
2004;43.9167;0.3759
2004;43.9375;0.8718
2004;43.9583;3.0324
2004;43.9792;2.0626
2004;44;4.4872
2004;44.0208;1.0956
2004;44.0417;3.6294
2004;44.0625;0.7081
2004;44.0833;-1.2939
2004;44.1042;0.479
2004;44.125;0.1098
2004;44.1458;-0.8158
2004;44.1667;-0.3208
2004;44.1875;0.6266
2004;44.2083;-0.0297
2004;44.2292;-0.4707
2004;44.25;-0.1988
2004;44.2708;1.2188
2004;44.2917;-0.0027
2004;44.3125;-0.1278
2004;44.3333;1.7261
2004;44.3542;6.4925
2004;44.375;11.8765
2004;44.3958;14.377
2004;44.4167;18.1907
2004;44.4375;41.9911
2004;44.4583;65.041
2004;44.4792;61.2408
2004;44.5;48.0654
2004;44.5208;31.6574
2004;44.5417;25.8701
2004;44.5625;31.7822
2004;44.5833;29.979
2004;44.6042;22.2542
2004;44.625;12.594
2004;44.6458;5.9344
2004;44.6667;3.8103
2004;44.6875;0.0514
2004;44.7083;-2.2947
2004;44.7292;-7.6572
2004;44.75;-4.3479
2004;44.7708;-3.2321
2004;44.7917;-4.7438
2004;44.8125;-2.8359
2004;44.8333;-2.9648
2004;44.8542;-1.1449
2004;44.875;0.2809
2004;44.8958;0.6623
2004;44.9167;-0.1659
2004;44.9375;0.2031
2004;44.9583;0.1582
2004;44.9792;0.2597
2004;45;0.8482
2004;45.0208;2.265
2004;45.0417;2.437
2004;45.0625;2.4022
2004;45.0833;2.0693
2004;45.1042;2.4402
2004;45.125;2.1716
2004;45.1458;2.6796
2004;45.1667;2.0896
2004;45.1875;2.34
2004;45.2083;1.9064
2004;45.2292;0.6942
2004;45.25;-1.0779
2004;45.2708;-1.606
2004;45.2917;-5.4598
2004;45.3125;-7.5241
2004;45.3333;-4.4186
2004;45.3542;4.9764
2004;45.375;12.6787
2004;45.3958;22.9316
2004;45.4167;34.2943
2004;45.4375;56.0765
2004;45.4583;49.9268
2004;45.4792;57.6399
2004;45.5;66.2597
2004;45.5208;56.2375
2004;45.5417;51.7611
2004;45.5625;53.5076
2004;45.5833;23.0189
2004;45.6042;6.4878
2004;45.625;22.4257
2004;45.6458;0.3871
2004;45.6667;-10.7275
2004;45.6875;-27.3706
2004;45.7083;-49.2628
2004;45.7292;-16.5693
2004;45.75;-46.7412
2004;45.7708;-15.8261
2004;45.7917;-14.0682
2004;45.8125;2.2942
2004;45.8333;-18.5081
2004;45.8542;-38.2406
2004;45.875;-50.899
2004;45.8958;-75.8513
2004;45.9167;-63.2015
2004;45.9375;-49.8075
2004;45.9583;-48.851
2004;45.9792;-43.9711
2004;46;-42.6517
2004;46.0208;-43.9019
2004;46.0417;-44.4919
2004;46.0625;-44.781
2004;46.0833;-44.9596
2004;46.1042;-44.1539
2004;46.125;-45.0957
2004;46.1458;-41.0825
2004;46.1667;-44.4508
2004;46.1875;-44.1694
2004;46.2083;-41.3972
2004;46.2292;-22.4689
2004;46.25;-16.9582
2004;46.2708;-8.2939
2004;46.2917;-22.4804
2004;46.3125;-27.8207
2004;46.3333;-25.5287
2004;46.3542;-12.2401
2004;46.375;6.4554
2004;46.3958;57.3916
2004;46.4167;27.8455
2004;46.4375;37.6371
2004;46.4583;37.8265
2004;46.4792;34.5678
2004;46.5;23.1517
2004;46.5208;37.6178
2004;46.5417;73.4288
2004;46.5625;30.4933
2004;46.5833;58.7989
2004;46.6042;129.968
2004;46.625;77.1024
2004;46.6458;34.0576
2004;46.6667;-54.9047
2004;46.6875;-33.9675
2004;46.7083;-44.9277
2004;46.7292;-16.7875
2004;46.75;-33.7007
2004;46.7708;-12.9564
2004;46.7917;-29.871
2004;46.8125;-10.9863
2004;46.8333;-6.1691
2004;46.8542;-11.6895
2004;46.875;-8.5717
2004;46.8958;-10.3274
2004;46.9167;-37.1885
2004;46.9375;-47.8424
2004;46.9583;-46.6264
2004;46.9792;-46.4801
2004;47;-48.3506
2004;47.0208;-45.5726
2004;47.0417;-44.0213
2004;47.0625;-41.8118
2004;47.0833;-33.7503
2004;47.1042;-37.4456
2004;47.125;-21.9133
2004;47.1458;-5.6551
2004;47.1667;-12.1054
2004;47.1875;-44.1546
2004;47.2083;-49.5438
2004;47.2292;-43.9746
2004;47.25;-39.2233
2004;47.2708;-46.4606
2004;47.2917;-48.3021
2004;47.3125;-45.5938
2004;47.3333;-42.7976
2004;47.3542;-26.9075
2004;47.375;-10.5186
2004;47.3958;68.7437
2004;47.4167;61.1213
2004;47.4375;42.6436
2004;47.4583;51.4849
2004;47.4792;30.1638
2004;47.5;-0.3242
2004;47.5208;0.2187
2004;47.5417;22.4104
2004;47.5625;23.7187
2004;47.5833;34.2268
2004;47.6042;18.2822
2004;47.625;15.7433
2004;47.6458;12.9028
2004;47.6667;4.0272
2004;47.6875;2.7433
2004;47.7083;1.8078
2004;47.7292;3.4354
2004;47.75;5.7895
2004;47.7708;8.7224
2004;47.7917;9.65
2004;47.8125;8.669
2004;47.8333;9.6701
2004;47.8542;9.189
2004;47.875;5.4982
2004;47.8958;6.5299
2004;47.9167;7.2883
2004;47.9375;9.065
2004;47.9583;12.1928
2004;47.9792;11.0399
2004;48;13.5981
2004;48.0208;16.6363
2004;48.0417;19.6286
2004;48.0625;20.9135
2004;48.0833;15.4379
2004;48.1042;14.2361
2004;48.125;15.2054
2004;48.1458;14.9907
2004;48.1667;10.4247
2004;48.1875;-0.2629
2004;48.2083;3.0893
2004;48.2292;8.4825
2004;48.25;7.9035
2004;48.2708;1.7819
2004;48.2917;0.9773
2004;48.3125;-1.5609
2004;48.3333;0.6872
2004;48.3542;5.7363
2004;48.375;10.1845
2004;48.3958;18.5059
2004;48.4167;28.3485
2004;48.4375;31.25
2004;48.4583;67.7803
2004;48.4792;95.101
2004;48.5;136.734
2004;48.5208;77.7369
2004;48.5417;52.9475
2004;48.5625;23.4567
2004;48.5833;54.5497
2004;48.6042;33.5935
2004;48.625;1.4989
2004;48.6458;14.551
2004;48.6667;2.3282
2004;48.6875;-28.9182
2004;48.7083;-37.1059
2004;48.7292;-36.753
2004;48.75;-26.9814
2004;48.7708;-7.8518
2004;48.7917;11.5934
2004;48.8125;13.4858
2004;48.8333;5.6695
2004;48.8542;17.8251
2004;48.875;-16.9372
2004;48.8958;-1.5544
2004;48.9167;-27.164
2004;48.9375;-42.9968
2004;48.9583;-19.9119
2004;48.9792;-14.6493
2004;49;8.0595
2004;49.0208;-5.5289
2004;49.0417;0.3312
2004;49.0625;-28.8431
2004;49.0833;-77.5017
2004;49.1042;-69.2783
2004;49.125;-60.7653
2004;49.1458;-52.2121
2004;49.1667;-50.9525
2004;49.1875;-55.61
2004;49.2083;-55.7719
2004;49.2292;-54.9589
2004;49.25;-58.8721
2004;49.2708;-59.3564
2004;49.2917;-56.9242
2004;49.3125;-56.6369
2004;49.3333;-36.5876
2004;49.3542;-31.7775
2004;49.375;26.6554
2004;49.3958;67.2692
2004;49.4167;19.7699
2004;49.4375;62.5584
2004;49.4583;59.0323
2004;49.4792;13.4792
2004;49.5;71.5671
2004;49.5208;129.506
2004;49.5417;7.3949
2004;49.5625;65.059
2004;49.5833;96.8932
2004;49.6042;8.3747
2004;49.625;8.1378
2004;49.6458;31.0283
2004;49.6667;-19.1799
2004;49.6875;-38.716
2004;49.7083;-54.7101
2004;49.7292;-15.649
2004;49.75;-48.4284
2004;49.7708;-20.2254
2004;49.7917;3.6139
2004;49.8125;-7.2092
2004;49.8333;-37.3021
2004;49.8542;-31.6549
2004;49.875;-8.421
2004;49.8958;-5.5181
2004;49.9167;-23.0421
2004;49.9375;-42.4518
2004;49.9583;-49.3674
2004;49.9792;-42.9096
2004;50;-63.0006
2004;50.0208;-58.4964
2004;50.0417;-56.4429
2004;50.0625;-55.764
2004;50.0833;-51.6114
2004;50.1042;-51.2476
2004;50.125;-63.5371
2004;50.1458;-58.3733
2004;50.1667;-57.4849
2004;50.1875;-59.2515
2004;50.2083;-37.536
2004;50.2292;-40.999
2004;50.25;-36.5997
2004;50.2708;-44.7847
2004;50.2917;-40.6985
2004;50.3125;-30.5344
2004;50.3333;-31.1285
2004;50.3542;-23.6372
2004;50.375;-2.2992
2004;50.3958;54.0508
2004;50.4167;114.79
2004;50.4375;60.9664
2004;50.4583;73.3089
2004;50.4792;77.1681
2004;50.5;23.5558
2004;50.5208;122.022
2004;50.5417;65.0665
2004;50.5625;59.4964
2004;50.5833;86.4732
2004;50.6042;31.6519
2004;50.625;38.9757
2004;50.6458;8.1749
2004;50.6667;-25.7179
2004;50.6875;-50.3603
2004;50.7083;-34.6471
2004;50.7292;-66.4832
2004;50.75;-55.5425
2004;50.7708;-15.4903
2004;50.7917;-3.723
2004;50.8125;-23.3327
2004;50.8333;-39.0818
2004;50.8542;-43.4086
2004;50.875;-53.4394
2004;50.8958;-49.6039
2004;50.9167;-49.9233
2004;50.9375;-47.3136
2004;50.9583;-39.7186
2004;50.9792;-32.3728
2004;51;11.6368
2004;51.0208;14.3778
2004;51.0417;12.415
2004;51.0625;6.7207
2004;51.0833;3.0702
2004;51.1042;3.2274
2004;51.125;6.2613
2004;51.1458;0.2806
2004;51.1667;0.6296
2004;51.1875;-48.7028
2004;51.2083;-48.2231
2004;51.2292;-1.6374
2004;51.25;-0.7257
2004;51.2708;4.0716
2004;51.2917;-10.0811
2004;51.3125;-5.1606
2004;51.3333;-45.8014
2004;51.3542;-30.0156
2004;51.375;32.0653
2004;51.3958;69.0553
2004;51.4167;71.0534
2004;51.4375;61.0987
2004;51.4583;105.982
2004;51.4792;124.343
2004;51.5;140.746
2004;51.5208;138.391
2004;51.5417;132.535
2004;51.5625;113.968
2004;51.5833;96.6636
2004;51.6042;65.4672
2004;51.625;37.4407
2004;51.6458;2.3038
2004;51.6667;-8.1042
2004;51.6875;-40.4524
2004;51.7083;-55.9431
2004;51.7292;-63.0596
2004;51.75;-58.3835
2004;51.7708;-50.5476
2004;51.7917;-35.4625
2004;51.8125;-3.6627
2004;51.8333;3.3342
2004;51.8542;-22.2994
2004;51.875;-30.919
2004;51.8958;-35.184
2004;51.9167;-37.6851
2004;51.9375;-40.5699
2004;51.9583;-43.4636
2004;51.9792;-39.7825
2004;52;-40.6967
2004;52.0208;-39.8142
2004;52.0417;-30.996
2004;52.0625;-40.2381
2004;52.0833;-41.7837
2004;52.1042;-40.8317
2004;52.125;-46.9024
2004;52.1458;-48.7403
2004;52.1667;-37.0253
2004;52.1875;-32.4849
2004;52.2083;-38.1414
2004;52.2292;-40.1399
2004;52.25;-42.0918
2004;52.2708;-42.8876
2004;52.2917;-48.4936
2004;52.3125;-49.2549
2004;52.3333;-37.0206
2004;52.3542;-20.4397
2004;52.375;27.8625
2004;52.3958;56.1113
2004;52.4167;80.2656
2004;52.4375;66.9545
2004;52.4583;65.9028
2004;52.4792;102.792
2004;52.5;133.823
2004;52.5208;137.818
2004;52.5417;114.388
2004;52.5625;98.6914
2004;52.5833;83.9086
2004;52.6042;65.8569
2004;52.625;49.7329
2004;52.6458;16.9029
2004;52.6667;-4.5326
2004;52.6875;-42.5983
2004;52.7083;-66.5584
2004;52.7292;-77.7046
2004;52.75;-79.019
2004;52.7708;-39.3249
2004;52.7917;-11.2117
2004;52.8125;-43.3372
2004;52.8333;-64.1783
2004;52.8542;-67.4025
2004;52.875;-62.8453
2004;52.8958;-63.1563
2004;52.9167;-59.4115
2004;52.9375;-56.5782
2004;52.9583;-60.0985
2004;52.9792;-50.3308
2004;53;-34.5553
2004;53.0208;-29.5668
2004;53.0417;-21.6042
2004;53.0625;-25.4765
2004;53.0833;-27.4596
2004;53.1042;-20.8675
2004;53.125;-18.3183
2004;53.1458;-18.4864
2004;53.1667;-28.8044
2004;53.1875;-57.3106
2004;53.2083;-65.4422
2004;53.2292;-70.046
2004;53.25;-64.1885
2004;53.2708;-56.7789
2004;53.2917;-8.9153
2004;53.3125;-23.7829
2004;53.3333;5.3164
2004;53.3542;47.9842
2004;53.375;27.9683
2004;53.3958;26.437
2004;53.4167;26.1023
2004;53.4375;36.4815
2004;53.4583;32.2147
2004;53.4792;28.6681
2004;53.5;7.419
2004;53.5208;18.3796
2004;53.5417;31.9718
2004;53.5625;5.3964
2004;53.5833;41.0107
2004;53.6042;41.2931
2004;53.625;27.8228
2004;53.6458;92.4537
2004;53.6667;44.3539
2004;53.6875;16.0494
2004;53.7083;5.084
2004;53.7292;-22.0911
2004;53.75;-20.6744
2004;53.7708;-11.0963
2004;53.7917;-4.2173
2004;53.8125;-1.7986
2004;53.8333;-1.0526
2004;53.8542;-1.08
2004;53.875;-0.9771
2004;53.8958;-0.3924
2004;53.9167;-1.3316
2004;53.9375;-1.3527
2004;53.9583;-1.7338
2004;53.9792;-1.4023
2004;54;-1.6798
2004;54.0208;-1.9682
2004;54.0417;-2.5022
2004;54.0625;-2.2071
2004;54.0833;-3.2153
2004;54.1042;-5.9429
2004;54.125;-4.9516
2004;54.1458;-6.2913
2004;54.1667;-7.0991
2004;54.1875;-2.4389
2004;54.2083;-3.1138
2004;54.2292;-8.7137
2004;54.25;-6.1161
2004;54.2708;-8.5306
2004;54.2917;-4.5149
2004;54.3125;-1.8357
2004;54.3333;-0.8172
2004;54.3542;-2.8269
2004;54.375;-9.2915
2004;54.3958;1.9959
2004;54.4167;4.2562
2004;54.4375;4.461
2004;54.4583;4.8807
2004;54.4792;2.9214
2004;54.5;1.666
2004;54.5208;-0.4316
2004;54.5417;1.1054
2004;54.5625;8.1024
2004;54.5833;14.5964
2004;54.6042;21.6788
2004;54.625;17.613
2004;54.6458;-8.9455
2004;54.6667;-9.4938
2004;54.6875;-8.9478
2004;54.7083;-17.3305
2004;54.7292;-52.6799
2004;54.75;-42.8206
2004;54.7708;-30.2494
2004;54.7917;-35.5778
2004;54.8125;-70.6799
2004;54.8333;-74.4103
2004;54.8542;-71.7593
2004;54.875;-73.2174
2004;54.8958;-73.4725
2004;54.9167;-70.5681
2004;54.9375;NaN
2004;54.9583;-78.1177
2004;54.9792;-68.4978
2004;55;-48.6989
2004;55.0208;-41.3476
2004;55.0417;-35.2719
2004;55.0625;-29.4465
2004;55.0833;-26.4458
2004;55.1042;-15.5999
2004;55.125;-15.956
2004;55.1458;-10.6274
2004;55.1667;23.0376
2004;55.1875;19.9693
2004;55.2083;15.7807
2004;55.2292;12.5299
2004;55.25;11.2567
2004;55.2708;8.7609
2004;55.2917;7.4976
2004;55.3125;7.1857
2004;55.3333;3.5797
2004;55.3542;3.7068
2004;55.375;4.5327
2004;55.3958;1.5208
2004;55.4167;1.4111
2004;55.4375;6.2106
2004;55.4583;6.7639
2004;55.4792;75.9134
2004;55.5;47.0454
2004;55.5208;125.673
2004;55.5417;162.457
2004;55.5625;128.525
2004;55.5833;49.0604
2004;55.6042;28.9843
2004;55.625;19.1869
2004;55.6458;-13.6929
2004;55.6667;-21.3429
2004;55.6875;-27.6454
2004;55.7083;-46.3752
2004;55.7292;-44.2102
2004;55.75;-33.8564
2004;55.7708;-8.9622
2004;55.7917;-14.2123
2004;55.8125;5.6312
2004;55.8333;-17.0189
2004;55.8542;18.2683
2004;55.875;-4.8421
2004;55.8958;-9.3891
2004;55.9167;-0.6467
2004;55.9375;-6.1117
2004;55.9583;-4.7296
2004;55.9792;13.6442
2004;56;NaN
2004;56.0208;1.1827
2004;56.0417;-12.4938
2004;56.0625;-12.3165
2004;56.0833;-2.8559
2004;56.1042;6.6071
2004;56.125;-4.9714
2004;56.1458;-5.9064
2004;56.1667;-15.693
2004;56.1875;-21.834
2004;56.2083;-33.22
2004;56.2292;-37.3318
2004;56.25;-33.0097
2004;56.2708;-30.3889
2004;56.2917;-24.4367
2004;56.3125;-37.0721
2004;56.3333;-24.0482
2004;56.3542;8.2667
2004;56.375;22.8817
2004;56.3958;36.5106
2004;56.4167;61.2559
2004;56.4375;66.8746
2004;56.4583;-24.7134
2004;56.4792;12.1438
2004;56.5;40.9119
2004;56.5208;-3.3871
2004;56.5417;72.8781
2004;56.5625;28.549
2004;56.5833;28.2421
2004;56.6042;5.3232
2004;56.625;40.3474
2004;56.6458;46.4083
2004;56.6667;46.9114
2004;56.6875;-11.4567
2004;56.7083;-38.8682
2004;56.7292;-59.6818
2004;56.75;-21.7581
2004;56.7708;-55.4158
2004;56.7917;-18.9288
2004;56.8125;-4.6497
2004;56.8333;18.4511
2004;56.8542;NaN
2004;56.875;NaN
2004;56.8958;-16.2742
2004;56.9167;-28.9201
2004;56.9375;-1.5794
2004;56.9583;-0.459
2004;56.9792;-13.3185
2004;57;-31.5513
2004;57.0208;-31.8006
2004;57.0417;-38.6339
2004;57.0625;-52.7701
2004;57.0833;-49.6143
2004;57.1042;-43.4751
2004;57.125;-51.9265
2004;57.1458;-25.5342
2004;57.1667;-10.8326
2004;57.1875;-9.0699
2004;57.2083;-4.085
2004;57.2292;-9.719
2004;57.25;-4.2275
2004;57.2708;-7.5762
2004;57.2917;1.6863
2004;57.3125;15.4296
2004;57.3333;24.9771
2004;57.3542;26.0669
2004;57.375;54.2556
2004;57.3958;60.4029
2004;57.4167;55.3454
2004;57.4375;112.539
2004;57.4583;92.0164
2004;57.4792;87.5453
2004;57.5;113.535
2004;57.5208;98.2694
2004;57.5417;109.632
2004;57.5625;82.6853
2004;57.5833;84.3142
2004;57.6042;-4.9969
2004;57.625;52.1153
2004;57.6458;-18.3675
2004;57.6667;-38.3694
2004;57.6875;-44.5444
2004;57.7083;-65.5315
2004;57.7292;-77.0397
2004;57.75;-59.6283
2004;57.7708;-39.9425
2004;57.7917;-35.3661
2004;57.8125;-19.3552
2004;57.8333;-11.6
2004;57.8542;-7.6859
2004;57.875;-33.8142
2004;57.8958;13.8483
2004;57.9167;-14.0397
2004;57.9375;-9.0932
2004;57.9583;-24.5847
2004;57.9792;-46.8233
2004;58;-49.3117
2004;58.0208;-48.6406
2004;58.0417;-33.1249
2004;58.0625;-62.756
2004;58.0833;-58.1037
2004;58.1042;-41.7878
2004;58.125;-14.6974
2004;58.1458;-42.6354
2004;58.1667;-61.3325
2004;58.1875;-31.1751
2004;58.2083;-0.6336
2004;58.2292;-19.3294
2004;58.25;25.0556
2004;58.2708;21.8986
2004;58.2917;-0.9535
2004;58.3125;-11.9782
2004;58.3333;0.7712
2004;58.3542;9.1425
2004;58.375;-0.7171
2004;58.3958;2.2323
2004;58.4167;1.0478
2004;58.4375;0.0772
2004;58.4583;-0.5345
2004;58.4792;-0.7372
2004;58.5;-1.2596
2004;58.5208;-0.4351
2004;58.5417;2.4625
2004;58.5625;73.5746
2004;58.5833;15.6024
2004;58.6042;76.624
2004;58.625;15.8379
2004;58.6458;11.7992
2004;58.6667;0.7011
2004;58.6875;-7.0224
2004;58.7083;-18.7667
2004;58.7292;-10.9257
2004;58.75;-10.8405
2004;58.7708;-8.2866
2004;58.7917;-4.8081
2004;58.8125;-4.0046
2004;58.8333;-20.0154
2004;58.8542;-31.1256
2004;58.875;-17.2435
2004;58.8958;-6.8058
2004;58.9167;-3.5109
2004;58.9375;17.3514
2004;58.9583;3.1536
2004;58.9792;-21.2424
2004;59;-40.2228
2004;59.0208;-49.175
2004;59.0417;-41.4833
2004;59.0625;-37.5201
2004;59.0833;-9.8543
2004;59.1042;-11.7339
2004;59.125;-13.596
2004;59.1458;-22.6732
2004;59.1667;-33.2586
2004;59.1875;-57.285
2004;59.2083;-67.6501
2004;59.2292;-45.6094
2004;59.25;-25.3854
2004;59.2708;-5.0608
2004;59.2917;-6.8632
2004;59.3125;-4.8756
2004;59.3333;-2.8392
2004;59.3542;0.36
2004;59.375;3.1371
2004;59.3958;11.8384
2004;59.4167;12.74
2004;59.4375;10.7474
2004;59.4583;3.4096
2004;59.4792;1.549
2004;59.5;1.1293
2004;59.5208;-0.195
2004;59.5417;12.9426
2004;59.5625;48.1316
2004;59.5833;36.6426
2004;59.6042;13.2915
2004;59.625;41.6921
2004;59.6458;2.8523
2004;59.6667;2.2164
2004;59.6875;-23.2719
2004;59.7083;-53.3808
2004;59.7292;-41.4681
2004;59.75;-58.3516
2004;59.7708;-23.7358
2004;59.7917;8.3093
2004;59.8125;19.7751
2004;59.8333;-31.1804
2004;59.8542;-50.6135
2004;59.875;-46.2389
2004;59.8958;-44.5728
2004;59.9167;-24.8394
2004;59.9375;-40.5421
2004;59.9583;-36.711
2004;59.9792;-40.6022
2004;60;-44.0371
2004;60.0208;-30.8864
2004;60.0417;-26.4476
2004;60.0625;-35.5303
2004;60.0833;-55.5546
2004;60.1042;-25.2599
2004;60.125;-36.6793
2004;60.1458;-40.7439
2004;60.1667;-23.4265
2004;60.1875;-20.8622
2004;60.2083;-24.5364
2004;60.2292;-43.3081
2004;60.25;-49.1674
2004;60.2708;-38.7697
2004;60.2917;-49.1629
2004;60.3125;-67.4083
2004;60.3333;-44.3804
2004;60.3542;-34.5928
2004;60.375;58.1753
2004;60.3958;85.8131
2004;60.4167;94.0619
2004;60.4375;110.913
2004;60.4583;72.8389
2004;60.4792;105.294
2004;60.5;143.054
2004;60.5208;148.423
2004;60.5417;129.339
2004;60.5625;90.7253
2004;60.5833;82.1567
2004;60.6042;58.3317
2004;60.625;42.3439
2004;60.6458;-3.7442
2004;60.6667;-17.5867
2004;60.6875;-28.034
2004;60.7083;-58.8039
2004;60.7292;-57.0471
2004;60.75;-36.9192
2004;60.7708;-43.2811
2004;60.7917;-40.6485
2004;60.8125;-5.4636
2004;60.8333;-38.9032
2004;60.8542;-20.7863
2004;60.875;-9.5392
2004;60.8958;-3.2629
2004;60.9167;-48.7403
2004;60.9375;-48.5219
2004;60.9583;-47.4504
2004;60.9792;-43.3407
2004;61;-45.0674
2004;61.0208;-36.7506
2004;61.0417;-43.5687
2004;61.0625;-39.3936
2004;61.0833;-40.876
2004;61.1042;-17.6922
2004;61.125;-12.5835
2004;61.1458;-28.3676
2004;61.1667;-37.6324
2004;61.1875;-27.939
2004;61.2083;-15.1656
2004;61.2292;-23.5364
2004;61.25;-17.5467
2004;61.2708;-1.4751
2004;61.2917;0.2443
2004;61.3125;-8.2481
2004;61.3333;3.5032
2004;61.3542;19.6801
2004;61.375;10.0161
2004;61.3958;54.3483
2004;61.4167;48.7237
2004;61.4375;179.853
2004;61.4583;144.518
2004;61.4792;107.559
2004;61.5;156.11
2004;61.5208;131.062
2004;61.5417;87.9625
2004;61.5625;77.7103
2004;61.5833;107.15
2004;61.6042;133.347
2004;61.625;89.5217
2004;61.6458;30.23
2004;61.6667;-9.2567
2004;61.6875;-5.7114
2004;61.7083;-30.9183
2004;61.7292;-54.2058
2004;61.75;-70.1168
2004;61.7708;-64.1712
2004;61.7917;-61.7679
2004;61.8125;-54.4514
2004;61.8333;-22.6185
2004;61.8542;-7.7203
2004;61.875;-13.193
2004;61.8958;-25.2056
2004;61.9167;-39.4079
2004;61.9375;-45.4254
2004;61.9583;-42.7494
2004;61.9792;-48.4374
2004;62;-47.4532
2004;62.0208;-46.5419
2004;62.0417;-46.3224
2004;62.0625;-48.3275
2004;62.0833;-46.1986
2004;62.1042;-45.5031
2004;62.125;-48.9261
2004;62.1458;-44.0247
2004;62.1667;4.7154
2004;62.1875;45.5904
2004;62.2083;23.4197
2004;62.2292;11.445
2004;62.25;12.4433
2004;62.2708;2.9997
2004;62.2917;-8.6814
2004;62.3125;2.8638
2004;62.3333;4.481
2004;62.3542;6.5872
2004;62.375;84.772
2004;62.3958;64.9212
2004;62.4167;126.868
2004;62.4375;179.276
2004;62.4583;182.461
2004;62.4792;201.666
2004;62.5;176.129
2004;62.5208;127.262
2004;62.5417;144.446
2004;62.5625;58.5047
2004;62.5833;44.7961
2004;62.6042;59.7686
2004;62.625;45.2994
2004;62.6458;6.77
2004;62.6667;-1.0835
2004;62.6875;-46.3522
2004;62.7083;-59.7731
2004;62.7292;-66.3896
2004;62.75;-56.2294
2004;62.7708;-48.9426
2004;62.7917;-49.8708
2004;62.8125;-50.2004
2004;62.8333;-17.946
2004;62.8542;-30.3844
2004;62.875;-12.7965
2004;62.8958;-2.8159
2004;62.9167;-28.2221
2004;62.9375;-39.1824
2004;62.9583;-43.6546
2004;62.9792;-44.2133
2004;63;-40.3239
2004;63.0208;-49.6047
2004;63.0417;-56.1644
2004;63.0625;-64.0083
2004;63.0833;-51.8792
2004;63.1042;-59.6896
2004;63.125;-62.9603
2004;63.1458;-64.556
2004;63.1667;-56.6797
2004;63.1875;-55.6726
2004;63.2083;-55.4039
2004;63.2292;-58.4469
2004;63.25;-63.2201
2004;63.2708;-59.8368
2004;63.2917;-59.744
2004;63.3125;-56.4279
2004;63.3333;-42.9171
2004;63.3542;-33.3849
2004;63.375;72.3325
2004;63.3958;86.3966
2004;63.4167;92.6538
2004;63.4375;69.2613
2004;63.4583;93.7165
2004;63.4792;122.649
2004;63.5;129.107
2004;63.5208;132.619
2004;63.5417;109.05
2004;63.5625;103.222
2004;63.5833;83.8278
2004;63.6042;66.3611
2004;63.625;38.604
2004;63.6458;-3.6058
2004;63.6667;-20.5615
2004;63.6875;-32.6085
2004;63.7083;-67.3744
2004;63.7292;-79.4036
2004;63.75;-76.9242
2004;63.7708;-52.1099
2004;63.7917;-33.7566
2004;63.8125;-13.8411
2004;63.8333;-44.5503
2004;63.8542;-59.5986
2004;63.875;-60.6822
2004;63.8958;-60.5428
2004;63.9167;-65.5893
2004;63.9375;-68.8875
2004;63.9583;-66.0556
2004;63.9792;-63.0581
2004;64;-68.8119
2004;64.0208;-71.9643
2004;64.0417;-73.609
2004;64.0625;-75.234
2004;64.0833;-74.2469
2004;64.1042;-75.2436
2004;64.125;-76.2321
2004;64.1458;-72.1356
2004;64.1667;-73.239
2004;64.1875;-70.3025
2004;64.2083;-74.6083
2004;64.2292;-73.4019
2004;64.25;-73.9588
2004;64.2708;-67.5092
2004;64.2917;-58.9028
2004;64.3125;-53.9867
2004;64.3333;-39.6889
2004;64.3542;-29.2985
2004;64.375;84.3476
2004;64.3958;120.42
2004;64.4167;133.16
2004;64.4375;117.273
2004;64.4583;152.274
2004;64.4792;223.732
2004;64.5;186.632
2004;64.5208;186.08
2004;64.5417;169.637
2004;64.5625;150.605
2004;64.5833;121.424
2004;64.6042;108.848
2004;64.625;65.6444
2004;64.6458;16.6761
2004;64.6667;-4.1269
2004;64.6875;-56.6556
2004;64.7083;-80.3834
2004;64.7292;-92.1805
2004;64.75;-93.7249
2004;64.7708;-79.3808
2004;64.7917;-57.4078
2004;64.8125;-18.7167
2004;64.8333;NaN
2004;64.8542;NaN
2004;64.875;NaN
2004;64.8958;NaN
2004;64.9167;NaN
2004;64.9375;NaN
2004;64.9583;NaN
2004;64.9792;NaN
2004;65;NaN
2004;65.0208;NaN
2004;65.0417;NaN
2004;65.0625;NaN
2004;65.0833;NaN
2004;65.1042;NaN
2004;65.125;NaN
2004;65.1458;NaN
2004;65.1667;NaN
2004;65.1875;NaN
2004;65.2083;NaN
2004;65.2292;NaN
2004;65.25;NaN
2004;65.2708;NaN
2004;65.2917;NaN
2004;65.3125;NaN
2004;65.3333;NaN
2004;65.3542;NaN
2004;65.375;NaN
2004;65.3958;39.6652
2004;65.4167;31.6718
2004;65.4375;46.598
2004;65.4583;25.6139
2004;65.4792;31.0106
2004;65.5;31.5411
2004;65.5208;33.4104
2004;65.5417;37.8513
2004;65.5625;34.5436
2004;65.5833;35.1614
2004;65.6042;26.7558
2004;65.625;9.4471
2004;65.6458;4.566
2004;65.6667;8.3801
2004;65.6875;-2.5638
2004;65.7083;-13.3975
2004;65.7292;-19.2791
2004;65.75;-19.9835
2004;65.7708;-16.1528
2004;65.7917;-21.8333
2004;65.8125;-14.7532
2004;65.8333;-9.3343
2004;65.8542;-21.7328
2004;65.875;-17.4843
2004;65.8958;-23.3976
2004;65.9167;-26.9
2004;65.9375;-21.5711
2004;65.9583;-7.9314
2004;65.9792;-57.5975
2004;66;-65.0094
2004;66.0208;-54.7707
2004;66.0417;-56.4699
2004;66.0625;-56.4449
2004;66.0833;-69.1317
2004;66.1042;-64.5951
2004;66.125;-63.6172
2004;66.1458;-57.8892
2004;66.1667;-56.0065
2004;66.1875;-63.0093
2004;66.2083;-56.4254
2004;66.2292;-58.7499
2004;66.25;-56.8924
2004;66.2708;-56.6224
2004;66.2917;-54.4782
2004;66.3125;-41.3226
2004;66.3333;-19.3304
2004;66.3542;-3.3574
2004;66.375;95.4581
2004;66.3958;123.345
2004;66.4167;163.822
2004;66.4375;1.8467
2004;66.4583;68.4617
2004;66.4792;204.81
2004;66.5;128.118
2004;66.5208;189.584
2004;66.5417;171.461
2004;66.5625;150.307
2004;66.5833;98.1275
2004;66.6042;96.535
2004;66.625;81.0272
2004;66.6458;18.1894
2004;66.6667;-39.4069
2004;66.6875;-21.6028
2004;66.7083;-91.9809
2004;66.7292;-84.431
2004;66.75;-82.6267
2004;66.7708;-70.0094
2004;66.7917;-34.4039
2004;66.8125;-8.5256
2004;66.8333;-14.8644
2004;66.8542;-45.2733
2004;66.875;-56.3207
2004;66.8958;-48.8357
2004;66.9167;-55.1099
2004;66.9375;-58.9903
2004;66.9583;-63.9247
2004;66.9792;-61.794
2004;67;-58.4481
2004;67.0208;-55.6225
2004;67.0417;-54.4346
2004;67.0625;-53.2646
2004;67.0833;-53.2801
2004;67.1042;-43.7085
2004;67.125;-40.2486
2004;67.1458;-41.4003
2004;67.1667;-53.3079
2004;67.1875;-58.8974
2004;67.2083;-54.9933
2004;67.2292;-54.1192
2004;67.25;-60.3164
2004;67.2708;-60.2457
2004;67.2917;-59.5931
2004;67.3125;-36.9108
2004;67.3333;-8.0664
2004;67.3542;22.1906
2004;67.375;42.6135
2004;67.3958;62.8236
2004;67.4167;134.816
2004;67.4375;26.8751
2004;67.4583;44.0883
2004;67.4792;146.467
2004;67.5;166.523
2004;67.5208;233.542
2004;67.5417;175.255
2004;67.5625;133.565
2004;67.5833;116.969
2004;67.6042;163.334
2004;67.625;69.0189
2004;67.6458;51.4528
2004;67.6667;-5.0343
2004;67.6875;-34.5472
2004;67.7083;-45.7442
2004;67.7292;-58.4503
2004;67.75;-74.9712
2004;67.7708;-67.5139
2004;67.7917;-63.8744
2004;67.8125;-54.7262
2004;67.8333;-10.4583
2004;67.8542;-5.2895
2004;67.875;-24.3236
2004;67.8958;-59.9542
2004;67.9167;-58.5131
2004;67.9375;-55.3824
2004;67.9583;-61.0817
2004;67.9792;-62.6928
2004;68;-61.1482
2004;68.0208;-47.4104
2004;68.0417;-35.4992
2004;68.0625;-33.7475
2004;68.0833;-47.3869
2004;68.1042;-48.2743
2004;68.125;-56.786
2004;68.1458;-51.1831
2004;68.1667;-56.8792
2004;68.1875;-54.5019
2004;68.2083;-52.9218
2004;68.2292;-47.2536
2004;68.25;-55.3714
2004;68.2708;-45.2449
2004;68.2917;-43.1953
2004;68.3125;-39.1867
2004;68.3333;-26.1225
2004;68.3542;-11.7547
2004;68.375;123.386
2004;68.3958;136.235
2004;68.4167;120.775
2004;68.4375;144.361
2004;68.4583;175.328
2004;68.4792;161.084
2004;68.5;174.413
2004;68.5208;169.798
2004;68.5417;157.498
2004;68.5625;141.359
2004;68.5833;44.76
2004;68.6042;1.3064
2004;68.625;5.2012
2004;68.6458;6.0726
2004;68.6667;13.9571
2004;68.6875;-26.8674
2004;68.7083;-32.5101
2004;68.7292;-16.8004
2004;68.75;-56.2165
2004;68.7708;-58.5239
2004;68.7917;-53.865
2004;68.8125;-56.6826
2004;68.8333;-31.5346
2004;68.8542;-0.0646
2004;68.875;1.1457
2004;68.8958;-4.611
2004;68.9167;-9.5962
2004;68.9375;-2.7055
2004;68.9583;0.1716
2004;68.9792;1.4016
2004;69;0.6936
2004;69.0208;2.3774
2004;69.0417;-4.721
2004;69.0625;-1.9129
2004;69.0833;3.0492
2004;69.1042;-49.2827
2004;69.125;-52.0038
2004;69.1458;-46.6767
2004;69.1667;-48.8425
2004;69.1875;-57.7019
2004;69.2083;-63.5282
2004;69.2292;-59.3203
2004;69.25;-65.4796
2004;69.2708;-62.2122
2004;69.2917;-52.969
2004;69.3125;-38.8853
2004;69.3333;-26.3249
2004;69.3542;-11.461
2004;69.375;125.285
2004;69.3958;123.084
2004;69.4167;63.0971
2004;69.4375;197.499
2004;69.4583;196.231
2004;69.4792;217.008
2004;69.5;220.115
2004;69.5208;172.364
2004;69.5417;185.569
2004;69.5625;83.7856
2004;69.5833;1.9942
2004;69.6042;34.1161
2004;69.625;10.5106
2004;69.6458;18.6775
2004;69.6667;59.9892
2004;69.6875;5.6824
2004;69.7083;-40.7225
2004;69.7292;-60.6582
2004;69.75;-79.2369
2004;69.7708;-78.1437
2004;69.7917;-69.9942
2004;69.8125;-49.9135
2004;69.8333;-87.0376
2004;69.8542;-48.7413
2004;69.875;-5.1595
2004;69.8958;-17.7593
2004;69.9167;-48.7351
2004;69.9375;-62.4878
2004;69.9583;-62.7319
2004;69.9792;-64.5583
2004;70;-61.4646
2004;70.0208;-60.931
2004;70.0417;-58.181
2004;70.0625;-64.8562
2004;70.0833;-62.384
2004;70.1042;-65.0076
2004;70.125;-58.4176
2004;70.1458;-57.1064
2004;70.1667;-57.69
2004;70.1875;-56.2029
2004;70.2083;-52.4617
2004;70.2292;-52.3749
2004;70.25;-50.0989
2004;70.2708;-52.2579
2004;70.2917;-43.3249
2004;70.3125;-32.4653
2004;70.3333;-6.7781
2004;70.3542;41.8694
2004;70.375;41.4786
2004;70.3958;56.7467
2004;70.4167;90.279
2004;70.4375;54.9804
2004;70.4583;182.161
2004;70.4792;182.29
2004;70.5;166.528
2004;70.5208;179.808
2004;70.5417;158.241
2004;70.5625;141.343
2004;70.5833;142.021
2004;70.6042;109.036
2004;70.625;52.5242
2004;70.6458;14.3708
2004;70.6667;24.3822
2004;70.6875;1.4715
2004;70.7083;-45.9668
2004;70.7292;-52.1903
2004;70.75;-66.4711
2004;70.7708;-59.3114
2004;70.7917;-54.2297
2004;70.8125;-59.4204
2004;70.8333;-51.3403
2004;70.8542;-43.4599
2004;70.875;-24.7001
2004;70.8958;-29.9887
2004;70.9167;-27.7489
2004;70.9375;-6.5885
2004;70.9583;-41.7911
2004;70.9792;-38.384
2004;71;-34.4669
2004;71.0208;-50.8753
2004;71.0417;-48.5493
2004;71.0625;-37.6618
2004;71.0833;-39.1906
2004;71.1042;-41.6047
2004;71.125;-40.6765
2004;71.1458;-24.9667
2004;71.1667;0.529
2004;71.1875;-1.3429
2004;71.2083;-10.7743
2004;71.2292;-20.6885
2004;71.25;-27.2331
2004;71.2708;-27.2804
2004;71.2917;-31.6013
2004;71.3125;-17.4667
2004;71.3333;1.8467
2004;71.3542;24.7065
2004;71.375;101.802
2004;71.3958;81.431
2004;71.4167;128.619
2004;71.4375;162.961
2004;71.4583;198.913
2004;71.4792;207.391
2004;71.5;218.101
2004;71.5208;183.708
2004;71.5417;181.998
2004;71.5625;162.736
2004;71.5833;142.295
2004;71.6042;119.486
2004;71.625;98.63
2004;71.6458;47.0844
2004;71.6667;29.7217
2004;71.6875;11.0425
2004;71.7083;-46.5682
2004;71.7292;-65.9606
2004;71.75;-83.3594
2004;71.7708;-87.7133
2004;71.7917;-80.0464
2004;71.8125;-71.7944
2004;71.8333;-54.6289
2004;71.8542;-58.144
2004;71.875;-52.8157
2004;71.8958;-51.8843
2004;71.9167;-46.1962
2004;71.9375;-46.5307
2004;71.9583;-56.3829
2004;71.9792;-48.0931
2004;72;-16.7141
2004;72.0208;-20.6686
2004;72.0417;-37.8093
2004;72.0625;-52.0757
2004;72.0833;-65.3639
2004;72.1042;-62.9574
2004;72.125;-60.4219
2004;72.1458;-55.3929
2004;72.1667;-56.1508
2004;72.1875;-59.5925
2004;72.2083;-40.4108
2004;72.2292;-39.2453
2004;72.25;-24.0522
2004;72.2708;-17.7967
2004;72.2917;-25.8413
2004;72.3125;-24.1046
2004;72.3333;-1.4156
2004;72.3542;28.369
2004;72.375;115.999
2004;72.3958;98.6865
2004;72.4167;128.623
2004;72.4375;170.85
2004;72.4583;191.975
2004;72.4792;202.959
2004;72.5;215.268
2004;72.5208;190.068
2004;72.5417;168.982
2004;72.5625;153.945
2004;72.5833;121.821
2004;72.6042;109.662
2004;72.625;52.2364
2004;72.6458;25.1536
2004;72.6667;-61.3253
2004;72.6875;-0.0936
2004;72.7083;-51.931
2004;72.7292;-90.7741
2004;72.75;-87.4146
2004;72.7708;-83.3061
2004;72.7917;-71.0758
2004;72.8125;-54.4772
2004;72.8333;-41.835
2004;72.8542;-38.1571
2004;72.875;-44.2039
2004;72.8958;-61.585
2004;72.9167;-55.1226
2004;72.9375;-46.4633
2004;72.9583;-58.9279
2004;72.9792;-52.7886
2004;73;-50.4744
2004;73.0208;-42.0718
2004;73.0417;-40.1883
2004;73.0625;-24.8094
2004;73.0833;-30.4112
2004;73.1042;-18.2101
2004;73.125;-19.5651
2004;73.1458;-26.4238
2004;73.1667;-26.0054
2004;73.1875;-15.1218
2004;73.2083;-24.1444
2004;73.2292;-19.921
2004;73.25;-22.3106
2004;73.2708;-22.6315
2004;73.2917;-3.8922
2004;73.3125;0.8586
2004;73.3333;10.2301
2004;73.3542;17.5204
2004;73.375;29.3695
2004;73.3958;71.2511
2004;73.4167;19.1282
2004;73.4375;24.601
2004;73.4583;26.6253
2004;73.4792;31.9772
2004;73.5;44.4342
2004;73.5208;39.5881
2004;73.5417;37.1367
2004;73.5625;-11.5633
2004;73.5833;-19.1183
2004;73.6042;-35.4601
2004;73.625;-40.8911
2004;73.6458;-25.1738
2004;73.6667;-28.2178
2004;73.6875;-22.2549
2004;73.7083;-15.6815
2004;73.7292;-14.2761
2004;73.75;-10.9339
2004;73.7708;-9.5392
2004;73.7917;-9.5097
2004;73.8125;-8.6119
2004;73.8333;-8.2708
2004;73.8542;-7.4344
2004;73.875;-7.2725
2004;73.8958;-6.1561
2004;73.9167;-5.6011
2004;73.9375;-3.834
2004;73.9583;7.1686
2004;73.9792;11.2496
2004;74;29.7983
2004;74.0208;54.1536
2004;74.0417;33.814
2004;74.0625;25.051
2004;74.0833;16.6674
2004;74.1042;6.4717
2004;74.125;9.4235
2004;74.1458;9.4838
2004;74.1667;10.1121
2004;74.1875;-0.9122
2004;74.2083;-31.7211
2004;74.2292;-27.896
2004;74.25;-14.7247
2004;74.2708;-21.0747
2004;74.2917;-7.9318
2004;74.3125;12.6318
2004;74.3333;40.1526
2004;74.3542;43.6004
2004;74.375;84.0404
2004;74.3958;71.9721
2004;74.4167;83.2724
2004;74.4375;118.911
2004;74.4583;117.095
2004;74.4792;181.202
2004;74.5;129.288
2004;74.5208;147.449
2004;74.5417;150.585
2004;74.5625;137.77
2004;74.5833;59.915
2004;74.6042;12.6106
2004;74.625;-27.2636
2004;74.6458;3.8439
2004;74.6667;34.7658
2004;74.6875;-11.7439
2004;74.7083;-51.4333
2004;74.7292;-33.8844
2004;74.75;-48.9222
2004;74.7708;-38.4878
2004;74.7917;-31.2874
2004;74.8125;-30.2756
2004;74.8333;-28.8475
2004;74.8542;-20.4304
2004;74.875;-20.8135
2004;74.8958;-14.0151
2004;74.9167;-7.9713
2004;74.9375;1.2185
2004;74.9583;7.962
2004;74.9792;11.6358
2004;75;5.5301
2004;75.0208;4.0813
2004;75.0417;-3.7503
2004;75.0625;-1.6638
2004;75.0833;1.5672
2004;75.1042;-3.3216
2004;75.125;-8.0639
2004;75.1458;-6.359
2004;75.1667;-5.2658
2004;75.1875;-4.6836
2004;75.2083;-0.6372
2004;75.2292;-0.2715
2004;75.25;10.2956
2004;75.2708;10.579
2004;75.2917;-3.5128
2004;75.3125;-0.5154
2004;75.3333;19.2459
2004;75.3542;35.3895
2004;75.375;79.8842
2004;75.3958;128.332
2004;75.4167;157.64
2004;75.4375;75.6444
2004;75.4583;-1.4208
2004;75.4792;-19.0878
2004;75.5;1.2575
2004;75.5208;50.6464
2004;75.5417;65.8517
2004;75.5625;31.7839
2004;75.5833;11.6828
2004;75.6042;17.8731
2004;75.625;68.9914
2004;75.6458;2.3542
2004;75.6667;10.9875
2004;75.6875;1.3369
2004;75.7083;-23.1609
2004;75.7292;-35.0541
2004;75.75;-29.0683
2004;75.7708;-49.1986
2004;75.7917;-28.8058
2004;75.8125;-25.51
2004;75.8333;-27.9003
2004;75.8542;-7.4269
2004;75.875;-3.7776
2004;75.8958;-6.4499
2004;75.9167;-7.344
2004;75.9375;-5.6332
2004;75.9583;-4.1942
2004;75.9792;-3.1078
2004;76;-13.6513
2004;76.0208;1.2446
2004;76.0417;-1.765
2004;76.0625;0.2364
2004;76.0833;-4.9804
2004;76.1042;-2.7483
2004;76.125;12.6053
2004;76.1458;20.6809
2004;76.1667;13.3424
2004;76.1875;6.6253
2004;76.2083;-1.3955
2004;76.2292;-4.1546
2004;76.25;-26.1357
2004;76.2708;-49.9564
2004;76.2917;-28.3003
2004;76.3125;9.9799
2004;76.3333;37.0201
2004;76.3542;37.7644
2004;76.375;53.2221
2004;76.3958;63.7639
2004;76.4167;98.6433
2004;76.4375;113.341
2004;76.4583;80.1267
2004;76.4792;100.012
2004;76.5;125.142
2004;76.5208;234.104
2004;76.5417;34.8856
2004;76.5625;43.0958
2004;76.5833;81.1339
2004;76.6042;35.9642
2004;76.625;-13.845
2004;76.6458;2.5478
2004;76.6667;-33.8428
2004;76.6875;-16.2944
2004;76.7083;-12.3722
2004;76.7292;-22.6453
2004;76.75;-22.972
2004;76.7708;-15.7285
2004;76.7917;-12.0667
2004;76.8125;-8.958
2004;76.8333;-14.2393
2004;76.8542;-12.7073
2004;76.875;-9.4837
2004;76.8958;-7.9211
2004;76.9167;-7.7574
2004;76.9375;-4.8349
2004;76.9583;NaN
2004;76.9792;NaN
2004;77;NaN
2004;77.0208;-11.3267
2004;77.0417;-13.2788
2004;77.0625;-7.5467
2004;77.0833;-3.0972
2004;77.1042;5.7494
2004;77.125;6.0679
2004;77.1458;6.3561
2004;77.1667;3.3197
2004;77.1875;-3.0234
2004;77.2083;-26.8015
2004;77.2292;-26.8965
2004;77.25;-29.0728
2004;77.2708;-29.7339
2004;77.2917;-12.2039
2004;77.3125;-1.9111
2004;77.3333;13.2381
2004;77.3542;47.8721
2004;77.375;154.147
2004;77.3958;163.747
2004;77.4167;154.119
2004;77.4375;173.3
2004;77.4583;173.492
2004;77.4792;142.858
2004;77.5;96.3236
2004;77.5208;40.2944
2004;77.5417;168.069
2004;77.5625;150.726
2004;77.5833;139.242
2004;77.6042;14.5139
2004;77.625;2.8953
2004;77.6458;4.6881
2004;77.6667;20.2636
2004;77.6875;9.8067
2004;77.7083;-48.0864
2004;77.7292;-74.6628
2004;77.75;-90.2869
2004;77.7708;-67.7483
2004;77.7917;-59.4556
2004;77.8125;-60.0997
2004;77.8333;-52.1394
2004;77.8542;-49.2897
2004;77.875;-59.3539
2004;77.8958;-71.1879
2004;77.9167;-78.0371
2004;77.9375;-71.6806
2004;77.9583;-65.6718
2004;77.9792;-62.2518
2004;78;-58.4617
2004;78.0208;-49.7506
2004;78.0417;-52.0431
2004;78.0625;-45.8664
2004;78.0833;-53.4397
2004;78.1042;-54.9871
2004;78.125;-29.3022
2004;78.1458;-27.6776
2004;78.1667;-36.2626
2004;78.1875;-3.769
2004;78.2083;-37.9996
2004;78.2292;-45.6903
2004;78.25;-39.4335
2004;78.2708;-26.5844
2004;78.2917;-13.585
2004;78.3125;-12.1286
2004;78.3333;14.4789
2004;78.3542;48.5078
2004;78.375;122.396
2004;78.3958;180.556
2004;78.4167;169.561
2004;78.4375;184.93
2004;78.4583;212.15
2004;78.4792;182.924
2004;78.5;197.858
2004;78.5208;188.893
2004;78.5417;180.354
2004;78.5625;156.954
2004;78.5833;151.396
2004;78.6042;85.5292
2004;78.625;83.2986
2004;78.6458;29.4833
2004;78.6667;-12.3403
2004;78.6875;-32.5267
2004;78.7083;-75.1423
2004;78.7292;-106.931
2004;78.75;-116.195
2004;78.7708;-104.907
2004;78.7917;-81.1681
2004;78.8125;-86.1283
2004;78.8333;-74.5961
2004;78.8542;-50.1453
2004;78.875;-43.0847
2004;78.8958;-33.1086
2004;78.9167;-38.255
2004;78.9375;-35.6022
2004;78.9583;-22.7686
2004;78.9792;-22.1258
2004;79;-20.1028
2004;79.0208;-16.6578
2004;79.0417;-18.2553
2004;79.0625;-43.9492
2004;79.0833;-28.5911
2004;79.1042;-26.2843
2004;79.125;-23.3071
2004;79.1458;-19.5787
2004;79.1667;-20.3751
2004;79.1875;-23.8967
2004;79.2083;-10.3701
2004;79.2292;-20.9919
2004;79.25;-27.8117
2004;79.2708;-21.9028
2004;79.2917;-14.4346
2004;79.3125;-7.5108
2004;79.3333;-0.0176
2004;79.3542;29.1557
2004;79.375;51.6924
2004;79.3958;85.2128
2004;79.4167;10.5258
2004;79.4375;16.8014
2004;79.4583;15.1428
2004;79.4792;25.4614
2004;79.5;12.815
2004;79.5208;18.6175
2004;79.5417;0.2247
2004;79.5625;4.6291
2004;79.5833;5.3551
2004;79.6042;-3.8844
2004;79.625;28.4269
2004;79.6458;26.9239
2004;79.6667;-11.1746
2004;79.6875;-37.7857
2004;79.7083;-32.2686
2004;79.7292;-33.4067
2004;79.75;-42.2693
2004;79.7708;-36.9432
2004;79.7917;-53.3388
2004;79.8125;-40.439
2004;79.8333;-25.549
2004;79.8542;-23.1139
2004;79.875;-24.5214
2004;79.8958;-10.0792
2004;79.9167;-0.8286
2004;79.9375;-1.4286
2004;79.9583;-15.7599
2004;79.9792;-27.5271
2004;80;-30.6221
2004;80.0208;-37.506
2004;80.0417;-30.2369
2004;80.0625;-32.9967
2004;80.0833;-37.2893
2004;80.1042;-24.0763
2004;80.125;-15.3406
2004;80.1458;-12.2244
2004;80.1667;-19.2365
2004;80.1875;-17.2044
2004;80.2083;-3.9494
2004;80.2292;-20.2214
2004;80.25;-31.0967
2004;80.2708;-23.2194
2004;80.2917;-25.1874
2004;80.3125;-21.3765
2004;80.3333;-4.7667
2004;80.3542;0.7886
2004;80.375;28.4686
2004;80.3958;59.496
2004;80.4167;16.2511
2004;80.4375;24.3024
2004;80.4583;17.2989
2004;80.4792;28.5528
2004;80.5;125.738
2004;80.5208;89.8175
2004;80.5417;117.273
2004;80.5625;114.483
2004;80.5833;29.2794
2004;80.6042;90.9425
2004;80.625;67.3239
2004;80.6458;34.5689
2004;80.6667;28.4667
2004;80.6875;18.6742
2004;80.7083;-40.0201
2004;80.7292;-73.8201
2004;80.75;-69.6742
2004;80.7708;-74.1032
2004;80.7917;-72.3939
2004;80.8125;-38.565
2004;80.8333;-30.3122
2004;80.8542;-24.1025
2004;80.875;-23.1274
2004;80.8958;-28.4875
2004;80.9167;-31.3778
2004;80.9375;-34.6458
2004;80.9583;-58.7251
2004;80.9792;-54.7549
2004;81;-49.9617
2004;81.0208;-43.2947
2004;81.0417;-54.6656
2004;81.0625;-45.6229
2004;81.0833;-30.1453
2004;81.1042;-21.9503
2004;81.125;-27.2167
2004;81.1458;-21.1035
2004;81.1667;-18.4418
2004;81.1875;-15.3796
2004;81.2083;-19.8292
2004;81.2292;-24.9282
2004;81.25;-44.8362
2004;81.2708;-46.4397
2004;81.2917;-11.5986
2004;81.3125;-2.995
2004;81.3333;6.5908
2004;81.3542;24.568
2004;81.375;128.307
2004;81.3958;29.1186
2004;81.4167;-14.6513
2004;81.4375;4.0131
2004;81.4583;24.8706
2004;81.4792;162.267
2004;81.5;76.1006
2004;81.5208;150.365
2004;81.5417;76.4578
2004;81.5625;20.3869
2004;81.5833;13.2811
2004;81.6042;-31.0908
2004;81.625;-6.8522
2004;81.6458;10.1896
2004;81.6667;17.6314
2004;81.6875;27.8625
2004;81.7083;37.1664
2004;81.7292;27.9164
2004;81.75;-51.9293
2004;81.7708;-48.9958
2004;81.7917;-32.4747
2004;81.8125;-58.4835
2004;81.8333;-63.4178
2004;81.8542;-69.2526
2004;81.875;-61.9546
2004;81.8958;-28.3564
2004;81.9167;-26.5893
2004;81.9375;-27.7968
2004;81.9583;-33.2803
2004;81.9792;-41.0439
2004;82;-23.7303
2004;82.0208;-18.9028
2004;82.0417;-31.0162
2004;82.0625;-9.2546
2004;82.0833;-13.3408
2004;82.1042;-26.0668
2004;82.125;-35.2206
2004;82.1458;-12.5158
2004;82.1667;-16.5544
2004;82.1875;-12.1089
2004;82.2083;-13.1294
2004;82.2292;-14.8211
2004;82.25;-15.0442
2004;82.2708;-9.1968
2004;82.2917;1.5822
2004;82.3125;14.1893
2004;82.3333;34.8456
2004;82.3542;32.8846
2004;82.375;52.2997
2004;82.3958;42.9857
2004;82.4167;83.6125
2004;82.4375;50.8381
2004;82.4583;27.5311
2004;82.4792;77.8925
2004;82.5;102.657
2004;82.5208;109.559
2004;82.5417;71.1147
2004;82.5625;86.4931
2004;82.5833;138.646
2004;82.6042;88.5333
2004;82.625;82.1286
2004;82.6458;-13.4464
2004;82.6667;12.7261
2004;82.6875;-30.2536
2004;82.7083;-48.698
2004;82.7292;-58.5147
2004;82.75;-63.9367
2004;82.7708;-58.189
2004;82.7917;-82.7711
2004;82.8125;-51.6476
2004;82.8333;-48.7582
2004;82.8542;-45.5411
2004;82.875;-41.3901
2004;82.8958;-36.3013
2004;82.9167;-47.2554
2004;82.9375;-50.5344
2004;82.9583;-35.2525
2004;82.9792;-33.4946
2004;83;-44.2622
2004;83.0208;-50.5611
2004;83.0417;-56.31
2004;83.0625;-49.6865
2004;83.0833;-22.8997
2004;83.1042;-20.586
2004;83.125;-25.6239
2004;83.1458;-34.7393
2004;83.1667;-31.7921
2004;83.1875;-33.1292
2004;83.2083;-16.4481
2004;83.2292;-19.8435
2004;83.25;-21.4031
2004;83.2708;-18.5144
2004;83.2917;-17.6879
2004;83.3125;-7.9164
2004;83.3333;2.8997
2004;83.3542;10.5876
2004;83.375;26.7359
2004;83.3958;28.6674
2004;83.4167;26.7844
2004;83.4375;39.8797
2004;83.4583;24.7633
2004;83.4792;65.296
2004;83.5;111.782
2004;83.5208;77.7033
2004;83.5417;170.13
2004;83.5625;229.845
2004;83.5833;5.6514
2004;83.6042;-4.0661
2004;83.625;-12.1294
2004;83.6458;-9.105
2004;83.6667;-8.1328
2004;83.6875;-19.0393
2004;83.7083;-27.6856
2004;83.7292;-39.1546
2004;83.75;-36.4161
2004;83.7708;-33.6042
2004;83.7917;-44.0161
2004;83.8125;-45.4625
2004;83.8333;-38.0986
2004;83.8542;-50.4467
2004;83.875;-54.6644
2004;83.8958;-69.4582
2004;83.9167;-78.5243
2004;83.9375;-79.2506
2004;83.9583;-76.5985
2004;83.9792;-74.8706
2004;84;-70.9725
2004;84.0208;-66.0058
2004;84.0417;-68.4164
2004;84.0625;-68.0754
2004;84.0833;-63.5896
2004;84.1042;-62.5782
2004;84.125;-61.2882
2004;84.1458;-59.1632
2004;84.1667;-59.8282
2004;84.1875;-50.2183
2004;84.2083;-38.5651
2004;84.2292;-34.3433
2004;84.25;-46.6168
2004;84.2708;-43.3821
2004;84.2917;-2.2165
2004;84.3125;-32.645
2004;84.3333;28.2704
2004;84.3542;77.9434
2004;84.375;110.166
2004;84.3958;83.2956
2004;84.4167;90.3387
2004;84.4375;91.2021
2004;84.4583;79.8897
2004;84.4792;107.273
2004;84.5;86.4867
2004;84.5208;133.719
2004;84.5417;235.15
2004;84.5625;104.954
2004;84.5833;79.595
2004;84.6042;143.239
2004;84.625;74.7972
2004;84.6458;27.5931
2004;84.6667;66.4267
2004;84.6875;-52.1633
2004;84.7083;-43.5561
2004;84.7292;-55.1802
2004;84.75;-78.3414
2004;84.7708;-65.2169
2004;84.7917;-73.5194
2004;84.8125;-89.4287
2004;84.8333;-65.3519
2004;84.8542;-63.3125
2004;84.875;-68.3688
2004;84.8958;-78.8621
2004;84.9167;-73.7854
2004;84.9375;-71.1938
2004;84.9583;-77.6878
2004;84.9792;-81.2671
2004;85;-75.3633
2004;85.0208;-75.8412
2004;85.0417;-75.5289
2004;85.0625;-72.7439
2004;85.0833;-75.7625
2004;85.1042;-68.306
2004;85.125;-64.6968
2004;85.1458;-59.9025
2004;85.1667;-46.5565
2004;85.1875;-49.6268
2004;85.2083;-66.0346
2004;85.2292;-73.3924
2004;85.25;-86.5196
2004;85.2708;-39.6481
2004;85.2917;19.8618
2004;85.3125;-1.8722
2004;85.3333;47.0165
2004;85.3542;73.6921
2004;85.375;118.044
2004;85.3958;155.217
2004;85.4167;173.316
2004;85.4375;181.358
2004;85.4583;44.1022
2004;85.4792;228.01
2004;85.5;85.5042
2004;85.5208;113.124
2004;85.5417;158.583
2004;85.5625;35.5236
2004;85.5833;27.6594
2004;85.6042;63.6083
2004;85.625;-8.9522
2004;85.6458;-40.7769
2004;85.6667;-48.4687
2004;85.6875;-17.8978
2004;85.7083;-4.4025
2004;85.7292;-54.9274
2004;85.75;-53.7324
2004;85.7708;-71.0789
2004;85.7917;-95.0915
2004;85.8125;-91.9851
2004;85.8333;-90.1154
2004;85.8542;-84.7722
2004;85.875;-81.245
2004;85.8958;-73.7243
2004;85.9167;-83.569
2004;85.9375;-81.0015
2004;85.9583;-77.4808
2004;85.9792;-76.5993
2004;86;-77.9975
2004;86.0208;-69.3618
2004;86.0417;-68.9751
2004;86.0625;-60.1746
2004;86.0833;-37.4414
2004;86.1042;-41.9265
2004;86.125;-61.6806
2004;86.1458;-62.5235
2004;86.1667;-66.5724
2004;86.1875;-92.29
2004;86.2083;-74.1483
2004;86.2292;-59.6744
2004;86.25;-66.6964
2004;86.2708;-52.9946
2004;86.2917;-0.0129
2004;86.3125;-6.0192
2004;86.3333;71.0164
2004;86.3542;89.9663
2004;86.375;128.031
2004;86.3958;34.9992
2004;86.4167;147.663
2004;86.4375;150.612
2004;86.4583;172.489
2004;86.4792;203.486
2004;86.5;235.504
2004;86.5208;278.052
2004;86.5417;167.509
2004;86.5625;168.531
2004;86.5833;65.7069
2004;86.6042;88.4264
2004;86.625;52.2214
2004;86.6458;-15.2583
2004;86.6667;48.7858
2004;86.6875;-4.1903
2004;86.7083;-47.0425
2004;86.7292;-78.5883
2004;86.75;-102.37
2004;86.7708;-109.258
2004;86.7917;-119.754
2004;86.8125;-117.246
2004;86.8333;-106.886
2004;86.8542;-97.5529
2004;86.875;-97.409
2004;86.8958;-77.5436
2004;86.9167;-71.86
2004;86.9375;-61.9808
2004;86.9583;-54.0682
2004;86.9792;-31.7515
2004;87;-22.9479
2004;87.0208;-15.8968
2004;87.0417;-34.5947
2004;87.0625;-22.5414
2004;87.0833;-8.9536
2004;87.1042;-17.054
2004;87.125;-19.3676
2004;87.1458;-0.8947
2004;87.1667;-0.2292
2004;87.1875;-2.4068
2004;87.2083;-2.7147
2004;87.2292;-2.4594
2004;87.25;-1.9763
2004;87.2708;0.5341
2004;87.2917;2.631
2004;87.3125;6.8376
2004;87.3333;16.2338
2004;87.3542;12.3969
2004;87.375;11.9568
2004;87.3958;18.6577
2004;87.4167;21.2131
2004;87.4375;21.1096
2004;87.4583;25.7724
2004;87.4792;25.1738
2004;87.5;11.5624
2004;87.5208;26.4707
2004;87.5417;36.7822
2004;87.5625;49.0194
2004;87.5833;34.2453
2004;87.6042;49.1472
2004;87.625;19.5124
2004;87.6458;19.5654
2004;87.6667;14.45
2004;87.6875;11.2494
2004;87.7083;1.7131
2004;87.7292;-2.7517
2004;87.75;-2.8531
2004;87.7708;-36.862
2004;87.7917;-55.2499
2004;87.8125;-57.6194
2004;87.8333;-57.8203
2004;87.8542;-53.9704
2004;87.875;-50.2097
2004;87.8958;-28.846
2004;87.9167;-34.4808
2004;87.9375;-32.7175
2004;87.9583;-30.2435
2004;87.9792;-38.1239
2004;88;-44.4368
2004;88.0208;-60.2456
2004;88.0417;-62.6017
2004;88.0625;-44.2271
2004;88.0833;-44.7256
2004;88.1042;-42.7532
2004;88.125;-51.5806
2004;88.1458;-58.0651
2004;88.1667;-59.2871
2004;88.1875;-50.0281
2004;88.2083;-27.6661
2004;88.2292;-21.3864
2004;88.25;-31.7074
2004;88.2708;-18.3671
2004;88.2917;-3.6258
2004;88.3125;-7.996
2004;88.3333;77.9397
2004;88.3542;83.4506
2004;88.375;146.949
2004;88.3958;202.219
2004;88.4167;215.424
2004;88.4375;209.715
2004;88.4583;170.594
2004;88.4792;214.985
2004;88.5;183.048
2004;88.5208;234.526
2004;88.5417;232.067
2004;88.5625;175.8
2004;88.5833;174.529
2004;88.6042;88.5931
2004;88.625;123.46
2004;88.6458;53.4986
2004;88.6667;-44.0561
2004;88.6875;-39.9067
2004;88.7083;-48.9842
2004;88.7292;-69.8684
2004;88.75;-60.1267
2004;88.7708;-55.5161
2004;88.7917;-68.3383
2004;88.8125;-65.5422
2004;88.8333;-53.0247
2004;88.8542;-42.3889
2004;88.875;-36.5825
2004;88.8958;-39.3367
2004;88.9167;-32.3212
2004;88.9375;-37.2644
2004;88.9583;-36.5661
2004;88.9792;-32.0917
2004;89;-24.8207
2004;89.0208;-14.9046
2004;89.0417;-11.7918
2004;89.0625;-14.4603
2004;89.0833;-16.6269
2004;89.1042;-17.0425
2004;89.125;-15.3083
2004;89.1458;-11.7613
2004;89.1667;-10.4399
2004;89.1875;-11.7731
2004;89.2083;-16.8564
2004;89.2292;-9.7789
2004;89.25;-11.1392
2004;89.2708;-1.3647
2004;89.2917;14.2079
2004;89.3125;17.5923
2004;89.3333;16.3731
2004;89.3542;15.5403
2004;89.375;61.4867
2004;89.3958;43.3336
2004;89.4167;99.6739
2004;89.4375;58.7125
2004;89.4583;138.17
2004;89.4792;251.369
2004;89.5;251.757
2004;89.5208;243.642
2004;89.5417;102.589
2004;89.5625;15.2583
2004;89.5833;50.4989
2004;89.6042;44.4758
2004;89.625;72.0383
2004;89.6458;-25.6467
2004;89.6667;-38.7386
2004;89.6875;-38.4221
2004;89.7083;-35.0759
2004;89.7292;-36.2174
2004;89.75;-42.9458
2004;89.7708;-41.1342
2004;89.7917;-59.7622
2004;89.8125;-54.9503
2004;89.8333;-45.3067
2004;89.8542;-38.9689
2004;89.875;-32.2406
2004;89.8958;-26.975
2004;89.9167;-29.7975
2004;89.9375;-36.9492
2004;89.9583;-39.7567
2004;89.9792;-40.5417
2004;90;-49.4378
2004;90.0208;-43.6074
2004;90.0417;-32.7244
2004;90.0625;-32.6194
2004;90.0833;-27.5317
2004;90.1042;-22.5792
2004;90.125;-17.5864
2004;90.1458;-15.0575
2004;90.1667;-16.6432
2004;90.1875;-19.8783
2004;90.2083;-24.3144
2004;90.2292;-24.7069
2004;90.25;-24.4446
2004;90.2708;-20.4183
2004;90.2917;-9.1924
2004;90.3125;8.7451
2004;90.3333;11.6411
2004;90.3542;16.2568
2004;90.375;34.3582
2004;90.3958;46.5567
2004;90.4167;92.7311
2004;90.4375;103.048
2004;90.4583;181.586
2004;90.4792;256.686
2004;90.5;272.994
2004;90.5208;231.121
2004;90.5417;197.061
2004;90.5625;172.082
2004;90.5833;146.231
2004;90.6042;131.258
2004;90.625;104.465
2004;90.6458;10.4022
2004;90.6667;102.298
2004;90.6875;-24.3844
2004;90.7083;-68.1967
2004;90.7292;-78.6132
2004;90.75;-81.6753
2004;90.7708;-81.6942
2004;90.7917;-80.5483
2004;90.8125;-75.6189
2004;90.8333;-71.2081
2004;90.8542;-69.1917
2004;90.875;-63.7681
2004;90.8958;-60.3897
2004;90.9167;-60.5094
2004;90.9375;-58.6264
2004;90.9583;-59.0028
2004;90.9792;-58.3417
2004;91;-56.6011
2004;91.0208;-53.5517
2004;91.0417;-55.1364
2004;91.0625;-58.2356
2004;91.0833;-51.8957
2004;91.1042;-55.3517
2004;91.125;-73.8681
2004;91.1458;-50.8756
2004;91.1667;-59.6025
2004;91.1875;-62.1215
2004;91.2083;-58.2235
2004;91.2292;-56.296
2004;91.25;-53.4624
2004;91.2708;-32.049
2004;91.2917;-7.6878
2004;91.3125;9.275
2004;91.3333;85.9229
2004;91.3542;137.936
2004;91.375;212.703
2004;91.3958;240.396
2004;91.4167;273.063
2004;91.4375;250.512
2004;91.4583;282.031
2004;91.4792;271.64
2004;91.5;252.685
2004;91.5208;248.229
2004;91.5417;221.433
2004;91.5625;190.486
2004;91.5833;182.767
2004;91.6042;148.429
2004;91.625;125.621
2004;91.6458;29.1542
2004;91.6667;71.6778
2004;91.6875;22.3053
2004;91.7083;-15.7592
2004;91.7292;-76.7992
2004;91.75;-96.6328
2004;91.7708;-98.1239
2004;91.7917;-109.196
2004;91.8125;-103.773
2004;91.8333;-97.7186
2004;91.8542;-89.2439
2004;91.875;-85.0553
2004;91.8958;-76.3719
2004;91.9167;-78.9689
2004;91.9375;-79.0908
2004;91.9583;-81.4461
2004;91.9792;-77.2756
2004;92;-71.5094
2004;92.0208;-69.1942
2004;92.0417;-72.0579
2004;92.0625;-71.7631
2004;92.0833;-75.1231
2004;92.1042;-74.2732
2004;92.125;-74.4279
2004;92.1458;-70.2575
2004;92.1667;-72.8925
2004;92.1875;-76.545
2004;92.2083;-73.9103
2004;92.2292;-72.2417
2004;92.25;-69.1732
2004;92.2708;-54.194
2004;92.2917;3.3903
2004;92.3125;26.7483
2004;92.3333;83.7985
2004;92.3542;144.755
2004;92.375;160.998
2004;92.3958;193.365
2004;92.4167;223.11
2004;92.4375;184.049
2004;92.4583;197.668
2004;92.4792;209.696
2004;92.5;202.846
2004;92.5208;188.289
2004;92.5417;173.403
2004;92.5625;172.997
2004;92.5833;148.558
2004;92.6042;119.182
2004;92.625;87.5333
2004;92.6458;8.6992
2004;92.6667;51.1569
2004;92.6875;-4.5047
2004;92.7083;-38.3686
2004;92.7292;-95.5668
2004;92.75;-114.594
2004;92.7708;-123.55
2004;92.7917;-130.721
2004;92.8125;-127.356
2004;92.8333;-121.332
2004;92.8542;-116.247
2004;92.875;-114.272
2004;92.8958;-113.874
2004;92.9167;-114.76
2004;92.9375;-113.739
2004;92.9583;-111.528
2004;92.9792;-111.467
2004;93;-109.794
2004;93.0208;-105.858
2004;93.0417;-104.896
2004;93.0625;-102.98
2004;93.0833;-101.423
2004;93.1042;-100.217
2004;93.125;-97.1681
2004;93.1458;-90.8074
2004;93.1667;-88.8065
2004;93.1875;-88.6732
2004;93.2083;-85.4787
2004;93.2292;-81.871
2004;93.25;-73.619
2004;93.2708;-54.0851
2004;93.2917;3.6079
2004;93.3125;22.8412
2004;93.3333;89.6403
2004;93.3542;152.614
2004;93.375;178.522
2004;93.3958;200.203
2004;93.4167;209.696
2004;93.4375;207.638
2004;93.4583;212.619
2004;93.4792;228.186
2004;93.5;213.449
2004;93.5208;208.656
2004;93.5417;206.032
2004;93.5625;171.413
2004;93.5833;151.44
2004;93.6042;117.768
2004;93.625;94.1264
2004;93.6458;11.4928
2004;93.6667;33.2489
2004;93.6875;-7.9117
2004;93.7083;-39.7208
2004;93.7292;-94.6004
2004;93.75;-113.783
2004;93.7708;-116.649
2004;93.7917;-125.498
2004;93.8125;-120.619
2004;93.8333;-113.208
2004;93.8542;-107.38
2004;93.875;-105.41
2004;93.8958;-101.326
2004;93.9167;-101.874
2004;93.9375;-101.24
2004;93.9583;-99.9671
2004;93.9792;-97.6278
2004;94;-97.0464
2004;94.0208;-92.8026
2004;94.0417;-91.1093
2004;94.0625;-88.9681
2004;94.0833;-85.8128
2004;94.1042;-83.7356
2004;94.125;-81.3678
2004;94.1458;-79.619
2004;94.1667;-82.3369
2004;94.1875;-80.0651
2004;94.2083;-76.6758
2004;94.2292;-71.7347
2004;94.25;-61.7231
2004;94.2708;-34.6571
2004;94.2917;14.1383
2004;94.3125;43.8779
2004;94.3333;87.5416
2004;94.3542;157.424
2004;94.375;134.384
2004;94.3958;138.341
2004;94.4167;188.871
2004;94.4375;221.051
2004;94.4583;206.061
2004;94.4792;169.719
2004;94.5;140.999
2004;94.5208;123.375
2004;94.5417;123.779
2004;94.5625;92.0069
2004;94.5833;39.2361
2004;94.6042;-4.8858
2004;94.625;8.7706
2004;94.6458;-1.0511
2004;94.6667;32.4769
2004;94.6875;23.2442
2004;94.7083;-23.7956
2004;94.7292;-63.5682
2004;94.75;-71.9939
2004;94.7708;-58.9994
2004;94.7917;-61.7614
2004;94.8125;-43.3328
2004;94.8333;-37.5675
2004;94.8542;-33.475
2004;94.875;-54.1683
2004;94.8958;-75.0089
2004;94.9167;-63.2544
2004;94.9375;-59.4436
2004;94.9583;-51.8728
2004;94.9792;-43.6343
2004;95;-43.5718
2004;95.0208;-37.9371
2004;95.0417;-38.7115
2004;95.0625;-32.0601
2004;95.0833;-26.9394
2004;95.1042;-23.8882
2004;95.125;-22.9579
2004;95.1458;-19.1969
2004;95.1667;-19.8153
2004;95.1875;-17.3719
2004;95.2083;-15.5151
2004;95.2292;-13.3931
2004;95.25;-9.9315
2004;95.2708;1.0053
2004;95.2917;6.4567
2004;95.3125;1.0757
2004;95.3333;17.1404
2004;95.3542;28.2289
2004;95.375;47.79
2004;95.3958;50.6244
2004;95.4167;93.3694
2004;95.4375;47.5317
2004;95.4583;-13.7525
2004;95.4792;-12.533
2004;95.5;22.0932
2004;95.5208;53.6883
2004;95.5417;81.8922
2004;95.5625;11.6031
2004;95.5833;34.9311
2004;95.6042;-0.3092
2004;95.625;-3.6514
2004;95.6458;-19.9134
2004;95.6667;-29.6943
2004;95.6875;-39.0776
2004;95.7083;-30.9617
2004;95.7292;-16.1808
2004;95.75;-1.176
2004;95.7708;-50.7323
2004;95.7917;-52.4461
2004;95.8125;-45.3914
2004;95.8333;-38.9506
2004;95.8542;-33.2258
2004;95.875;-29.3639
2004;95.8958;-23.7151
2004;95.9167;-24.9524
2004;95.9375;-25.5328
2004;95.9583;-24.5586
2004;95.9792;-25.741
2004;96;-24.7513
2004;96.0208;-24.186
2004;96.0417;-29.1921
2004;96.0625;-34.5432
2004;96.0833;-39.5268
2004;96.1042;-64.9457
2004;96.125;-62.3983
2004;96.1458;-53.4381
2004;96.1667;-21.0229
2004;96.1875;-3.8296
2004;96.2083;-15.3599
2004;96.2292;-12.2329
2004;96.25;-13.9283
2004;96.2708;5.5617
2004;96.2917;14.5643
2004;96.3125;18.8719
2004;96.3333;21.6701
2004;96.3542;49.3407
2004;96.375;49.3
2004;96.3958;102.044
2004;96.4167;87.205
2004;96.4375;98.5353
2004;96.4583;141.256
2004;96.4792;-16.0625
2004;96.5;157.027
2004;96.5208;126.693
2004;96.5417;243.724
2004;96.5625;92.2278
2004;96.5833;152.481
2004;96.6042;178.767
2004;96.625;124.936
2004;96.6458;55.0444
2004;96.6667;-20.1594
2004;96.6875;-26.0322
2004;96.7083;-0.2264
2004;96.7292;-60.7017
2004;96.75;-85.6251
2004;96.7708;-84.8069
2004;96.7917;-96.9883
2004;96.8125;-72.5658
2004;96.8333;-71.8458
2004;96.8542;-59.7989
2004;96.875;-41.9697
2004;96.8958;-37.1811
2004;96.9167;-57.9783
2004;96.9375;-65.716
2004;96.9583;-59.8192
2004;96.9792;-52.1588
2004;97;-39.5235
2004;97.0208;-37.6571
2004;97.0417;-37.6203
2004;97.0625;-37.1508
2004;97.0833;-45.3779
2004;97.1042;-62.059
2004;97.125;-54.3142
2004;97.1458;-66.3539
2004;97.1667;-15.8201
2004;97.1875;-25.1567
2004;97.2083;-15.3808
2004;97.2292;-23.0536
2004;97.25;-15.7504
2004;97.2708;-8.9256
2004;97.2917;-9.6051
2004;97.3125;13.6381
2004;97.3333;36.0025
2004;97.3542;43.5114
2004;97.375;102.041
2004;97.3958;33.6797
2004;97.4167;64.01
2004;97.4375;57.9128
2004;97.4583;4.4811
2004;97.4792;77.6328
2004;97.5;6.0083
2004;97.5208;9.9514
2004;97.5417;-3.9453
2004;97.5625;-40.5028
2004;97.5833;72.1472
2004;97.6042;92.9158
2004;97.625;-8.3328
2004;97.6458;75.4303
2004;97.6667;-38.0411
2004;97.6875;-82.5159
2004;97.7083;1.0247
2004;97.7292;30.6771
2004;97.75;-41.7871
2004;97.7708;-41.0406
2004;97.7917;-44.8697
2004;97.8125;-66.845
2004;97.8333;-74.8085
2004;97.8542;-72.9587
2004;97.875;-76.281
2004;97.8958;-63.6449
2004;97.9167;-70.9231
2004;97.9375;-47.6414
2004;97.9583;-36.7307
2004;97.9792;-63.7275
2004;98;-56.4418
2004;98.0208;-23.896
2004;98.0417;-55.7572
2004;98.0625;-51.6721
2004;98.0833;-45.4344
2004;98.1042;-39.5022
2004;98.125;-23.6785
2004;98.1458;-3.0065
2004;98.1667;-8.8535
2004;98.1875;-12.5889
2004;98.2083;-32.5807
2004;98.2292;-21.1551
2004;98.25;-19.974
2004;98.2708;-19.3968
2004;98.2917;-18.4518
2004;98.3125;-8.586
2004;98.3333;-7.8911
2004;98.3542;-4.831
2004;98.375;-1.1825
2004;98.3958;3.3578
2004;98.4167;8.8476
2004;98.4375;59.0327
2004;98.4583;149.86
2004;98.4792;73.4217
2004;98.5;35.3147
2004;98.5208;-3.4242
2004;98.5417;10.3653
2004;98.5625;60.1672
2004;98.5833;83.2669
2004;98.6042;81.9661
2004;98.625;116.081
2004;98.6458;-27.7681
2004;98.6667;66.0314
2004;98.6875;63.9092
2004;98.7083;-39.9522
2004;98.7292;-21.9101
2004;98.75;-50.6915
2004;98.7708;-43.8469
2004;98.7917;-50.5389
2004;98.8125;-52.2079
2004;98.8333;-82.3124
2004;98.8542;-83.0261
2004;98.875;-77.6814
2004;98.8958;-72.206
2004;98.9167;-61.8457
2004;98.9375;-63.0696
2004;98.9583;-65.2543
2004;98.9792;-54.7822
2004;99;-64.7928
2004;99.0208;-63.4387
2004;99.0417;-62.8738
2004;99.0625;-59.1703
2004;99.0833;-24.5844
2004;99.1042;-9.9078
2004;99.125;-16.3881
2004;99.1458;-13.2158
2004;99.1667;-16.2715
2004;99.1875;-18.8142
2004;99.2083;-17.1686
2004;99.2292;-15.2253
2004;99.25;-8.6208
2004;99.2708;-6.405
2004;99.2917;5.8794
2004;99.3125;38.4991
2004;99.3333;66.1284
2004;99.3542;115.379
2004;99.375;139.574
2004;99.3958;59.1922
2004;99.4167;127.877
2004;99.4375;112.738
2004;99.4583;108.665
2004;99.4792;130.795
2004;99.5;251.158
2004;99.5208;257.207
2004;99.5417;223.326
2004;99.5625;108.333
2004;99.5833;219.899
2004;99.6042;106.431
2004;99.625;145.774
2004;99.6458;63.0847
2004;99.6667;55.1444
2004;99.6875;15.8325
2004;99.7083;-12.9036
2004;99.7292;-60.5158
2004;99.75;-55.8228
2004;99.7708;-80.0177
2004;99.7917;-92.6686
2004;99.8125;-103.081
2004;99.8333;-95.9272
2004;99.8542;-89.8367
2004;99.875;-80.1808
2004;99.8958;-82.2553
2004;99.9167;-81.664
2004;99.9375;-80.1592
2004;99.9583;-78.1019
2004;99.9792;-75.0114
2004;100;-73.9782
2004;100.0208;-74.2306
2004;100.0417;-76.4304
2004;100.0625;-74.8861
2004;100.0833;-74.3131
2004;100.1042;-74.695
2004;100.125;-71.7753
2004;100.1458;-66.8397
2004;100.1667;-60.9606
2004;100.1875;-59.5515
2004;100.2083;-52.4047
2004;100.2292;-65.3943
2004;100.25;-47.26
2004;100.2708;-8.4665
2004;100.2917;31.3607
2004;100.3125;102.22
2004;100.3333;175.418
2004;100.3542;184.617
2004;100.375;207.786
2004;100.3958;203.879
2004;100.4167;220.692
2004;100.4375;216.851
2004;100.4583;178.667
2004;100.4792;189.886
2004;100.5;39.4847
2004;100.5208;86.1611
2004;100.5417;137.506
2004;100.5625;88.6
2004;100.5833;-23.5478
2004;100.6042;16.7147
2004;100.625;7.5303
2004;100.6458;-62.18
2004;100.6667;-53.9065
2004;100.6875;-52.4369
2004;100.7083;-67.6931
2004;100.7292;-57.0678
2004;100.75;-56.1536
2004;100.7708;-52.2183
2004;100.7917;-45.8389
2004;100.8125;-47.6892
2004;100.8333;-41.58
2004;100.8542;-41.8775
2004;100.875;-50.8061
2004;100.8958;-42.2206
2004;100.9167;-41.2964
2004;100.9375;-36.5256
2004;100.9583;-32.2783
2004;100.9792;-34.6617
2004;101;-58.8937
2004;101.0208;-41.6797
2004;101.0417;-59.5974
2004;101.0625;-84.7694
2004;101.0833;-86.7229
2004;101.1042;-87.9481
2004;101.125;-82.2772
2004;101.1458;-79.9919
2004;101.1667;-79.8464
2004;101.1875;-77.8829
2004;101.2083;-83.1896
2004;101.2292;-81.0478
2004;101.25;-42.9253
2004;101.2708;-8.055
2004;101.2917;25.7621
2004;101.3125;89.3602
2004;101.3333;146.34
2004;101.3542;164.032
2004;101.375;193.619
2004;101.3958;213.567
2004;101.4167;248.168
2004;101.4375;250.463
2004;101.4583;226.483
2004;101.4792;193.314
2004;101.5;181.397
2004;101.5208;167.51
2004;101.5417;164.804
2004;101.5625;138.592
2004;101.5833;118.263
2004;101.6042;105.21
2004;101.625;54.7125
2004;101.6458;15.5464
2004;101.6667;21.8606
2004;101.6875;-9.5372
2004;101.7083;-47.7297
2004;101.7292;-135.179
2004;101.75;-74.2494
2004;101.7708;-129.33
2004;101.7917;-145.659
2004;101.8125;-124.261
2004;101.8333;-122.81
2004;101.8542;-119.354
2004;101.875;-116.03
2004;101.8958;-110.128
2004;101.9167;-105.953
2004;101.9375;-106.175
2004;101.9583;-103.333
2004;101.9792;-100.722
2004;102;-96.5358
2004;102.0208;-91.2914
2004;102.0417;-92.4493
2004;102.0625;-89.5093
2004;102.0833;-85.3785
2004;102.1042;-83.8896
2004;102.125;-83.2933
2004;102.1458;-79.5392
2004;102.1667;-78.9608
2004;102.1875;-78.1999
2004;102.2083;-76.3621
2004;102.2292;-68.8447
2004;102.25;-35.7136
2004;102.2708;28.2081
2004;102.2917;46.4306
2004;102.3125;103.564
2004;102.3333;93.2871
2004;102.3542;191.357
2004;102.375;206.978
2004;102.3958;261.086
2004;102.4167;260.26
2004;102.4375;225.347
2004;102.4583;204.742
2004;102.4792;191.908
2004;102.5;191.604
2004;102.5208;191.064
2004;102.5417;159.232
2004;102.5625;146.244
2004;102.5833;58.9153
2004;102.6042;-39.5594
2004;102.625;-51.7936
2004;102.6458;-67.6175
2004;102.6667;-42.1984
2004;102.6875;-36.9316
2004;102.7083;-94.9686
2004;102.7292;-61.4447
2004;102.75;-73.0486
2004;102.7708;-79.1281
2004;102.7917;-72.2017
2004;102.8125;-59.9528
2004;102.8333;-52.6517
2004;102.8542;-47.7992
2004;102.875;-40.3964
2004;102.8958;-48.7453
2004;102.9167;-32.6942
2004;102.9375;-47.1422
2004;102.9583;-83.7564
2004;102.9792;-27.7631
2004;103;-32.5928
2004;103.0208;-88.3451
2004;103.0417;-99.5226
2004;103.0625;-96.5678
2004;103.0833;-91.9314
2004;103.1042;-86.8197
2004;103.125;-87.0826
2004;103.1458;-80.011
2004;103.1667;-52.8626
2004;103.1875;-68.2042
2004;103.2083;-71.2736
2004;103.2292;-42.5144
2004;103.25;-42.1965
2004;103.2708;-5.6808
2004;103.2917;25.5943
2004;103.3125;113.3
2004;103.3333;149.29
2004;103.3542;197.62
2004;103.375;216.438
2004;103.3958;249.767
2004;103.4167;212.267
2004;103.4375;291.131
2004;103.4583;279.483
2004;103.4792;247.317
2004;103.5;288.665
2004;103.5208;36.6778
2004;103.5417;278.392
2004;103.5625;82.625
2004;103.5833;123.518
2004;103.6042;-9.05
2004;103.625;-11.335
2004;103.6458;5.9925
2004;103.6667;24.4931
2004;103.6875;-13.7339
2004;103.7083;-88.104
2004;103.7292;-82.6918
2004;103.75;-40.4317
2004;103.7708;-87.4667
2004;103.7917;-121.31
2004;103.8125;-125.529
2004;103.8333;-111.138
2004;103.8542;-118.737
2004;103.875;-116.404
2004;103.8958;-109.514
2004;103.9167;-107.901
2004;103.9375;-98.3954
2004;103.9583;-97.6744
2004;103.9792;-96.7651
2004;104;-93.111
2004;104.0208;-90.794
2004;104.0417;-87.7006
2004;104.0625;-87.1078
2004;104.0833;-77.7067
2004;104.1042;-73.9685
2004;104.125;-81.6347
2004;104.1458;-79.379
2004;104.1667;-34.1403
2004;104.1875;-38.2229
2004;104.2083;-30.9746
2004;104.2292;-27.4471
2004;104.25;-10.4179
2004;104.2708;11.3328
2004;104.2917;24.7332
2004;104.3125;40.5084
2004;104.3333;34.7083
2004;104.3542;25.6611
2004;104.375;37.285
2004;104.3958;52.1622
2004;104.4167;42.4111
2004;104.4375;37.0367
2004;104.4583;24.0528
2004;104.4792;68.7589
2004;104.5;34.1533
